{"cameraMode":{"drawMode":0,"name":"Shaded","section":"Shading Mode"},"sceneLighting":true,"audioPlay":false,"sceneViewState":{"showFog":false,"showMaterialUpdate":false,"showSkybox":false,"showFlares":false,"showImageEffects":false,"showParticleSystems":false},"in2DMode":false,"pivot":{"x":-54.00146484375,"y":-1.1059808731079102,"z":-16.93327522277832},"rotation":{"x":0.04795537143945694,"y":0.9517717957496643,"z":-0.20226414501667024,"w":0.2256602793931961},"size":34.02315902709961,"orthographic":false}