{"cameraMode":{"drawMode":0,"name":"Shaded","section":"Shading Mode"},"sceneLighting":true,"audioPlay":false,"sceneViewState":{"showFog":false,"showMaterialUpdate":false,"showSkybox":false,"showFlares":false,"showImageEffects":false,"showParticleSystems":false},"in2DMode":false,"pivot":{"x":143.31686401367188,"y":19.762451171875,"z":596.7745971679688},"rotation":{"x":0.3635615110397339,"y":-0.519524335861206,"z":0.25927552580833437,"w":0.7284876108169556},"size":1834.146240234375,"orthographic":false}