{"cameraMode":{"drawMode":0,"name":"Shaded","section":"Shading Mode"},"sceneLighting":false,"audioPlay":false,"sceneViewState":{"showFog":false,"showMaterialUpdate":false,"showSkybox":false,"showFlares":false,"showImageEffects":false,"showParticleSystems":false},"in2DMode":false,"pivot":{"x":-24.05265998840332,"y":10.09762954711914,"z":-24.24277687072754},"rotation":{"x":0.0366273932158947,"y":0.7263471484184265,"z":-0.0388217456638813,"w":0.6852554082870483},"size":28.101764678955079,"orthographic":false}