{"cameraMode":{"drawMode":0,"name":"Shaded","section":"Shading Mode"},"sceneLighting":true,"audioPlay":false,"sceneViewState":{"showFog":false,"showMaterialUpdate":false,"showSkybox":false,"showFlares":false,"showImageEffects":false,"showParticleSystems":false},"in2DMode":false,"pivot":{"x":-24.986103057861329,"y":1.8025929927825928,"z":-24.97525978088379},"rotation":{"x":0.16333596408367158,"y":-0.06211194023489952,"z":0.01030309684574604,"w":0.9845677018165588},"size":7.7384209632873539,"orthographic":false}