{"cameraMode":{"drawMode":0,"name":"Shaded","section":"Shading Mode"},"sceneLighting":true,"audioPlay":false,"sceneViewState":{"showFog":false,"showMaterialUpdate":false,"showSkybox":false,"showFlares":false,"showImageEffects":false,"showParticleSystems":false},"in2DMode":false,"pivot":{"x":-31.30293846130371,"y":-7.648414611816406,"z":-21.905439376831056},"rotation":{"x":0.3635615110397339,"y":-0.519524335861206,"z":0.25927552580833437,"w":0.7284876108169556},"size":19.20439338684082,"orthographic":false}