{"cameraMode":{"drawMode":0,"name":"Shaded","section":"Shading Mode"},"sceneLighting":true,"audioPlay":false,"sceneViewState":{"showFog":false,"showMaterialUpdate":false,"showSkybox":false,"showFlares":false,"showImageEffects":false,"showParticleSystems":false},"in2DMode":false,"pivot":{"x":8.319427490234375,"y":113.73043823242188,"z":-20.020275115966798},"rotation":{"x":0.18532204627990724,"y":0.7012595534324646,"z":-0.19702522456645966,"w":0.6596015691757202},"size":347.5027160644531,"orthographic":false}