{"cameraMode":{"drawMode":0,"name":"Shaded","section":"Shading Mode"},"sceneLighting":true,"audioPlay":false,"sceneViewState":{"showFog":false,"showMaterialUpdate":false,"showSkybox":false,"showFlares":false,"showImageEffects":false,"showParticleSystems":false},"in2DMode":false,"pivot":{"x":53.936851501464847,"y":0.9590034484863281,"z":645.1396484375},"rotation":{"x":0.3635615110397339,"y":-0.519524335861206,"z":0.25927552580833437,"w":0.7284876108169556},"size":34.59010314941406,"orthographic":false}